{
  "results": {
    "isp_hindsight_neglect": {
      "acc": 0.45396825396825397,
      "acc_stderr": 0.028096800277810523,
      "acc_norm": 0.45396825396825397,
      "acc_norm_stderr": 0.028096800277810523
    },
    "isp_into_the_unknown": {
      "acc": 0.4753289473684211,
      "acc_stderr": 0.011696269035864536,
      "acc_norm": 0.4753289473684211,
      "acc_norm_stderr": 0.011696269035864536
    },
    "isp_memo_trap": {
      "acc": 0.7959401709401709,
      "acc_stderr": 0.013179931885921852,
      "acc_norm": 0.6997863247863247,
      "acc_norm_stderr": 0.014989672895239661
    },
    "isp_modus_tollens": {
      "acc": 0.025889967637540454,
      "acc_stderr": 0.0045189369619197265,
      "acc_norm": 1.0,
      "acc_norm_stderr": 0.0
    },
    "isp_neqa": {
      "acc": 0.45666666666666667,
      "acc_stderr": 0.02880694721939613,
      "acc_norm": 0.45666666666666667,
      "acc_norm_stderr": 0.02880694721939613
    },
    "isp_pattern_matching_suppression": {
      "acc": 0.2822128851540616,
      "acc_stderr": 0.011914457207298952,
      "acc_norm": 0.18417366946778713,
      "acc_norm_stderr": 0.010261258842663018
    },
    "isp_redefine": {
      "acc": 0.6760450160771704,
      "acc_stderr": 0.013273778806080445,
      "acc_norm": 0.6768488745980707,
      "acc_norm_stderr": 0.013265179394003812
    },
    "isp_repetitive_algebra": {
      "acc": 0.292,
      "acc_stderr": 0.014385511563477343,
      "acc_norm": 0.312,
      "acc_norm_stderr": 0.014658474370509008
    },
    "isp_resisting_correction": {
      "acc": 0.9102668845315904,
      "acc_stderr": 0.003335216117028809,
      "acc_norm": 0.772739651416122,
      "acc_norm_stderr": 0.0048903694411076256
    },
    "isp_sig_figs": {
      "acc": 0.3725415131358568,
      "acc_stderr": 0.003344631350236038,
      "acc_norm": 0.3725415131358568,
      "acc_norm_stderr": 0.003344631350236038
    },
    "truthfulqa_mc": {
      "mc1": 0.2460220318237454,
      "mc1_stderr": 0.015077219200662595,
      "mc2": 0.41189103955793077,
      "mc2_stderr": 0.014580538921222467
    }
  },
  "versions": {
    "isp_hindsight_neglect": 0,
    "isp_into_the_unknown": 0,
    "isp_memo_trap": 0,
    "isp_modus_tollens": 0,
    "isp_neqa": 0,
    "isp_pattern_matching_suppression": 0,
    "isp_redefine": 0,
    "isp_repetitive_algebra": 0,
    "isp_resisting_correction": 0,
    "isp_sig_figs": 0,
    "truthfulqa_mc": 1
  },
  "config": {
    "model": "hf-causal-experimental",
    "model_args": "pretrained=EleutherAI/pythia-1b,revision=step64000",
    "num_fewshot": 0,
    "batch_size": null,
    "device": "cuda:0",
    "no_cache": false,
    "limit": null,
    "bootstrap_iters": 100000,
    "description_dict": {}
  }
}