{
  "results": {
    "isp_hindsight_neglect": {
      "acc": 0.4857142857142857,
      "acc_stderr": 0.028205113054972503,
      "acc_norm": 0.4857142857142857,
      "acc_norm_stderr": 0.028205113054972503
    },
    "isp_into_the_unknown": {
      "acc": 0.48793859649122806,
      "acc_stderr": 0.011707125476164065,
      "acc_norm": 0.48793859649122806,
      "acc_norm_stderr": 0.011707125476164065
    },
    "isp_memo_trap": {
      "acc": 0.8108974358974359,
      "acc_stderr": 0.01280636474246321,
      "acc_norm": 0.7275641025641025,
      "acc_norm_stderr": 0.014560020686070985
    },
    "isp_modus_tollens": {
      "acc": 1.0,
      "acc_stderr": 0.0,
      "acc_norm": 1.0,
      "acc_norm_stderr": 0.0
    },
    "isp_neqa": {
      "acc": 0.4633333333333333,
      "acc_stderr": 0.028837890554337258,
      "acc_norm": 0.4633333333333333,
      "acc_norm_stderr": 0.028837890554337258
    },
    "isp_pattern_matching_suppression": {
      "acc": 0.4208683473389356,
      "acc_stderr": 0.013069223854397937,
      "acc_norm": 0.40896358543417366,
      "acc_norm_stderr": 0.01301479862839872
    },
    "isp_redefine": {
      "acc": 0.6045016077170418,
      "acc_stderr": 0.013868692756158577,
      "acc_norm": 0.6004823151125402,
      "acc_norm_stderr": 0.013892568620373389
    },
    "isp_repetitive_algebra": {
      "acc": 0.316,
      "acc_stderr": 0.01470919305605712,
      "acc_norm": 0.334,
      "acc_norm_stderr": 0.014922019523732963
    },
    "isp_resisting_correction": {
      "acc": 0.8858932461873639,
      "acc_stderr": 0.0037103049563329965,
      "acc_norm": 0.8193082788671024,
      "acc_norm_stderr": 0.004490100222310489
    },
    "isp_sig_figs": {
      "acc": 0.39053452648705556,
      "acc_stderr": 0.003374991563914686,
      "acc_norm": 0.39053452648705556,
      "acc_norm_stderr": 0.003374991563914686
    },
    "truthfulqa_mc": {
      "mc1": 0.24479804161566707,
      "mc1_stderr": 0.015051869486715013,
      "mc2": 0.43611579519038735,
      "mc2_stderr": 0.014789949066087438
    }
  },
  "versions": {
    "isp_hindsight_neglect": 0,
    "isp_into_the_unknown": 0,
    "isp_memo_trap": 0,
    "isp_modus_tollens": 0,
    "isp_neqa": 0,
    "isp_pattern_matching_suppression": 0,
    "isp_redefine": 0,
    "isp_repetitive_algebra": 0,
    "isp_resisting_correction": 0,
    "isp_sig_figs": 0,
    "truthfulqa_mc": 1
  },
  "config": {
    "model": "hf-causal-experimental",
    "model_args": "pretrained=EleutherAI/pythia-410m,revision=step32000",
    "num_fewshot": 0,
    "batch_size": null,
    "device": "cuda:0",
    "no_cache": false,
    "limit": null,
    "bootstrap_iters": 100000,
    "description_dict": {}
  }
}