{
  "results": {
    "isp_hindsight_neglect": {
      "acc": 0.5015873015873016,
      "acc_stderr": 0.02821649021370026,
      "acc_norm": 0.5015873015873016,
      "acc_norm_stderr": 0.02821649021370026
    },
    "isp_into_the_unknown": {
      "acc": 0.49122807017543857,
      "acc_stderr": 0.011708730895408944,
      "acc_norm": 0.49122807017543857,
      "acc_norm_stderr": 0.011708730895408944
    },
    "isp_memo_trap": {
      "acc": 0.811965811965812,
      "acc_stderr": 0.01277854703583601,
      "acc_norm": 0.7083333333333334,
      "acc_norm_stderr": 0.014864709750264197
    },
    "isp_modus_tollens": {
      "acc": 1.0,
      "acc_stderr": 0.0,
      "acc_norm": 1.0,
      "acc_norm_stderr": 0.0
    },
    "isp_neqa": {
      "acc": 0.46,
      "acc_stderr": 0.0288230676849157,
      "acc_norm": 0.46,
      "acc_norm_stderr": 0.0288230676849157
    },
    "isp_pattern_matching_suppression": {
      "acc": 0.0700280112044818,
      "acc_stderr": 0.00675552092477847,
      "acc_norm": 0.032913165266106444,
      "acc_norm_stderr": 0.004722865462490466
    },
    "isp_redefine": {
      "acc": 0.5972668810289389,
      "acc_stderr": 0.013910967152711414,
      "acc_norm": 0.5988745980707395,
      "acc_norm_stderr": 0.013901845720837767
    },
    "isp_repetitive_algebra": {
      "acc": 0.563,
      "acc_stderr": 0.015693223928730377,
      "acc_norm": 0.548,
      "acc_norm_stderr": 0.015746235865880677
    },
    "isp_resisting_correction": {
      "acc": 0.8227124183006536,
      "acc_stderr": 0.004456833607023989,
      "acc_norm": 0.6831427015250545,
      "acc_norm_stderr": 0.005429387139103472
    },
    "isp_sig_figs": {
      "acc": 0.3645020816385127,
      "acc_stderr": 0.0033294729648932265,
      "acc_norm": 0.3645020816385127,
      "acc_norm_stderr": 0.0033294729648932265
    },
    "truthfulqa_mc": {
      "mc1": 0.211750305997552,
      "mc1_stderr": 0.01430206835392561,
      "mc2": 0.3817267455418173,
      "mc2_stderr": 0.01395792762947933
    }
  },
  "versions": {
    "isp_hindsight_neglect": 0,
    "isp_into_the_unknown": 0,
    "isp_memo_trap": 0,
    "isp_modus_tollens": 0,
    "isp_neqa": 0,
    "isp_pattern_matching_suppression": 0,
    "isp_redefine": 0,
    "isp_repetitive_algebra": 0,
    "isp_resisting_correction": 0,
    "isp_sig_figs": 0,
    "truthfulqa_mc": 1
  },
  "config": {
    "model": "hf-causal-experimental",
    "model_args": "pretrained=EleutherAI/pythia-12b,revision=step32000",
    "num_fewshot": 0,
    "batch_size": null,
    "device": "cuda:0",
    "no_cache": false,
    "limit": null,
    "bootstrap_iters": 100000,
    "description_dict": {}
  }
}