{
  "results": {
    "isp_hindsight_neglect": {
      "acc": 0.5682539682539682,
      "acc_stderr": 0.02795249586167164,
      "acc_norm": 0.5682539682539682,
      "acc_norm_stderr": 0.02795249586167164
    },
    "isp_into_the_unknown": {
      "acc": 0.4819078947368421,
      "acc_stderr": 0.011702864414571454,
      "acc_norm": 0.4819078947368421,
      "acc_norm_stderr": 0.011702864414571454
    },
    "isp_memo_trap": {
      "acc": 0.8151709401709402,
      "acc_stderr": 0.012694151184752483,
      "acc_norm": 0.6901709401709402,
      "acc_norm_stderr": 0.015122848581314659
    },
    "isp_modus_tollens": {
      "acc": 0.5461165048543689,
      "acc_stderr": 0.014167113311432307,
      "acc_norm": 1.0,
      "acc_norm_stderr": 0.0
    },
    "isp_neqa": {
      "acc": 0.46,
      "acc_stderr": 0.0288230676849157,
      "acc_norm": 0.46,
      "acc_norm_stderr": 0.0288230676849157
    },
    "isp_pattern_matching_suppression": {
      "acc": 0.25770308123249297,
      "acc_stderr": 0.011578082717289048,
      "acc_norm": 0.25770308123249297,
      "acc_norm_stderr": 0.01157808271728904
    },
    "isp_redefine": {
      "acc": 0.452572347266881,
      "acc_stderr": 0.014117955501531403,
      "acc_norm": 0.452572347266881,
      "acc_norm_stderr": 0.014117955501531401
    },
    "isp_repetitive_algebra": {
      "acc": 0.638,
      "acc_stderr": 0.0152048409129195,
      "acc_norm": 0.629,
      "acc_norm_stderr": 0.015283736211823192
    },
    "isp_resisting_correction": {
      "acc": 0.4790305010893246,
      "acc_stderr": 0.005829763920343363,
      "acc_norm": 0.39610566448801743,
      "acc_norm_stderr": 0.005707543634881162
    },
    "isp_sig_figs": {
      "acc": 0.3915394554242236,
      "acc_stderr": 0.0033765438748771196,
      "acc_norm": 0.3915394554242236,
      "acc_norm_stderr": 0.0033765438748771196
    },
    "truthfulqa_mc": {
      "mc1": 0.2741738066095471,
      "mc1_stderr": 0.015616518497219366,
      "mc2": 0.4940043790572181,
      "mc2_stderr": 0.015747323636131298
    }
  },
  "versions": {
    "isp_hindsight_neglect": 0,
    "isp_into_the_unknown": 0,
    "isp_memo_trap": 0,
    "isp_modus_tollens": 0,
    "isp_neqa": 0,
    "isp_pattern_matching_suppression": 0,
    "isp_redefine": 0,
    "isp_repetitive_algebra": 0,
    "isp_resisting_correction": 0,
    "isp_sig_figs": 0,
    "truthfulqa_mc": 1
  },
  "config": {
    "model": "hf-causal-experimental",
    "model_args": "pretrained=EleutherAI/pythia-70m,revision=step2000",
    "num_fewshot": 0,
    "batch_size": null,
    "device": "cuda:0",
    "no_cache": false,
    "limit": null,
    "bootstrap_iters": 100000,
    "description_dict": {}
  }
}